playlist,track_id,year
Replay 2015,1424,2015
Replay 2015,1412,2015
Replay 2015,3587,2015
Replay 2015,1506,2015
Replay 2015,2247,2015
Replay 2015,2257,2015
Replay 2015,2783,2015
Replay 2015,3615,2015
Replay 2015,4701,2015
Replay 2015,2941,2015
Replay 2015,2321,2015
Replay 2015,2877,2015
Replay 2015,2212,2015
Replay 2015,2939,2015
Replay 2015,3279,2015
Replay 2015,2881,2015
Replay 2015,3105,2015
Replay 2015,3091,2015
Replay 2015,2138,2015
Replay 2015,3061,2015
Replay 2015,3607,2015
Replay 2015,2269,2015
Replay 2015,3297,2015
Replay 2015,1798,2015
Replay 2015,1568,2015
Replay 2015,2116,2015
Replay 2015,3111,2015
Replay 2015,1664,2015
Replay 2015,1858,2015
Replay 2015,1828,2015
Replay 2015,3281,2015
Replay 2015,3049,2015
Replay 2015,3287,2015
Replay 2015,1810,2015
Replay 2015,3227,2015
Replay 2015,2132,2015
Replay 2015,2857,2015
Replay 2015,1536,2015
Replay 2015,3251,2015
Replay 2015,2831,2015
Replay 2015,1692,2015
Replay 2015,1438,2015
Replay 2015,3271,2015
Replay 2015,1682,2015
Replay 2015,1668,2015
Replay 2015,4141,2015
Replay 2015,3377,2015
Replay 2015,2146,2015
Replay 2015,2184,2015
Replay 2015,4055,2015
Replay 2015,1586,2015
Replay 2015,1490,2015
Replay 2015,1562,2015
Replay 2015,1368,2015
Replay 2015,2100,2015
Replay 2015,2110,2015
Replay 2015,2160,2015
Replay 2015,1582,2015
Replay 2015,3079,2015
Replay 2015,3067,2015
Replay 2015,3889,2015
Replay 2015,2102,2015
Replay 2015,2126,2015
Replay 2015,2148,2015
Replay 2015,1584,2015
Replay 2015,2192,2015
Replay 2015,3241,2015
Replay 2015,3081,2015
Replay 2015,1596,2015
Replay 2015,3203,2015
Replay 2015,2188,2015
Replay 2015,3143,2015
Replay 2015,2875,2015
Replay 2015,2871,2015
Replay 2015,2166,2015
Replay 2016,3237,2016
Replay 2016,3091,2016
Replay 2016,3281,2016
Replay 2016,1346,2016
Replay 2016,3193,2016
Replay 2016,3197,2016
Replay 2016,3203,2016
Replay 2016,2245,2016
Replay 2016,2228,2016
Replay 2016,1684,2016
Replay 2016,1690,2016
Replay 2016,1682,2016
Replay 2016,3067,2016
Replay 2016,3297,2016
Replay 2016,1828,2016
Replay 2016,1692,2016
Replay 2016,2611,2016
Replay 2016,2765,2016
Replay 2016,1668,2016
Replay 2016,3227,2016
Replay 2016,1704,2016
Replay 2016,3285,2016
Replay 2016,3267,2016
Replay 2016,3217,2016
Replay 2016,2291,2016
Replay 2016,3209,2016
Replay 2016,3299,2016
Replay 2016,2707,2016
Replay 2016,3277,2016
Replay 2016,3205,2016
Replay 2016,3189,2016
Replay 2016,2995,2016
Replay 2016,3213,2016
Replay 2016,2122,2016
Replay 2016,1518,2016
Replay 2016,3223,2016
Replay 2016,3195,2016
Replay 2016,1810,2016
Replay 2016,1772,2016
Replay 2016,3269,2016
Replay 2016,3143,2016
Replay 2016,2315,2016
Replay 2016,2543,2016
Replay 2016,3261,2016
Replay 2016,1688,2016
Replay 2016,3253,2016
Replay 2016,3199,2016
Replay 2016,3211,2016
Replay 2016,3215,2016
Replay 2016,3377,2016
Replay 2016,1666,2016
Replay 2016,3265,2016
Replay 2016,3249,2016
Replay 2016,3201,2016
Replay 2016,3293,2016
Replay 2016,3219,2016
Replay 2016,1824,2016
Replay 2016,3279,2016
Replay 2016,3283,2016
Replay 2016,3295,2016
Replay 2016,1448,2016
Replay 2016,2118,2016
Replay 2016,3229,2016
Replay 2016,3019,2016
Replay 2016,3243,2016
Replay 2016,3287,2016
Replay 2016,3247,2016
Replay 2016,2785,2016
Replay 2016,3275,2016
Replay 2016,3273,2016
Replay 2016,3251,2016
Replay 2016,3259,2016
Replay 2016,2761,2016
Replay 2016,3271,2016
Replay 2016,3231,2016
Replay 2016,3023,2016
Replay 2016,1488,2016
Replay 2016,3255,2016
Replay 2016,2757,2016
Replay 2016,3235,2016
Replay 2016,3191,2016
Replay 2016,3207,2016
Replay 2016,3165,2016
Replay 2016,3233,2016
Replay 2016,3889,2016
Replay 2016,2831,2016
Replay 2016,2263,2016
Replay 2016,3289,2016
Replay 2016,3257,2016
Replay 2016,1968,2016
Replay 2016,2823,2016
Replay 2016,2313,2016
Replay 2016,3221,2016
Replay 2016,1964,2016
Replay 2016,3239,2016
Replay 2016,3291,2016
Replay 2016,3263,2016
Replay 2016,3245,2016
Replay 2016,3241,2016
Replay 2016,1694,2016
Replay 2017,3091,2017
Replay 2017,1860,2017
Replay 2017,1894,2017
Replay 2017,1688,2017
Replay 2017,5117,2017
Replay 2017,3141,2017
Replay 2017,1662,2017
Replay 2017,1754,2017
Replay 2017,3305,2017
Replay 2017,1652,2017
Replay 2017,1742,2017
Replay 2017,3301,2017
Replay 2017,3303,2017
Replay 2017,3321,2017
Replay 2017,1692,2017
Replay 2017,3349,2017
Replay 2017,3339,2017
Replay 2017,3319,2017
Replay 2017,3261,2017
Replay 2017,3345,2017
Replay 2017,1666,2017
Replay 2017,3337,2017
Replay 2017,3315,2017
Replay 2017,3075,2017
Replay 2017,3343,2017
Replay 2017,3307,2017
Replay 2017,3313,2017
Replay 2017,3311,2017
Replay 2017,3309,2017
Replay 2017,3067,2017
Replay 2017,3265,2017
Replay 2017,1704,2017
Replay 2017,3227,2017
Replay 2017,3361,2017
Replay 2017,3341,2017
Replay 2017,1694,2017
Replay 2017,1810,2017
Replay 2017,3353,2017
Replay 2017,1684,2017
Replay 2017,5119,2017
Replay 2017,3351,2017
Replay 2017,3357,2017
Replay 2017,5101,2017
Replay 2017,3317,2017
Replay 2017,1682,2017
Replay 2017,1668,2017
Replay 2017,3355,2017
Replay 2017,3019,2017
Replay 2017,2599,2017
Replay 2017,3363,2017
Replay 2017,2785,2017
Replay 2017,3359,2017
Replay 2017,3375,2017
Replay 2017,5109,2017
Replay 2017,3365,2017
Replay 2017,3367,2017
Replay 2017,3371,2017
Replay 2017,3395,2017
Replay 2017,5121,2017
Replay 2017,3259,2017
Replay 2017,3277,2017
Replay 2017,2787,2017
Replay 2017,2028,2017
Replay 2017,3327,2017
Replay 2017,3333,2017
Replay 2017,2315,2017
Replay 2017,5105,2017
Replay 2017,3369,2017
Replay 2017,3323,2017
Replay 2017,3325,2017
Replay 2017,3235,2017
Replay 2017,1690,2017
Replay 2017,1698,2017
Replay 2017,3397,2017
Replay 2017,3399,2017
Replay 2017,3401,2017
Replay 2017,3335,2017
Replay 2017,2611,2017
Replay 2017,3373,2017
Replay 2017,3273,2017
Replay 2017,3023,2017
Replay 2017,1824,2017
Replay 2017,5099,2017
Replay 2017,5103,2017
Replay 2017,1772,2017
Replay 2017,5111,2017
Replay 2017,5093,2017
Replay 2017,2761,2017
Replay 2017,3347,2017
Replay 2017,5097,2017
Replay 2017,3295,2017
Replay 2017,5107,2017
Replay 2017,5085,2017
Replay 2017,2779,2017
Replay 2017,5113,2017
Replay 2017,5115,2017
Replay 2017,2765,2017
Replay 2017,3403,2017
Replay 2017,3405,2017
Replay 2017,5095,2017
Replay 2018,1608,2018
Replay 2018,2327,2018
Replay 2018,1736,2018
Replay 2018,2867,2018
Replay 2018,1740,2018
Replay 2018,2865,2018
Replay 2018,3361,2018
Replay 2018,1720,2018
Replay 2018,1382,2018
Replay 2018,10477,2018
Replay 2018,1344,2018
Replay 2018,2943,2018
Replay 2018,3401,2018
Replay 2018,3357,2018
Replay 2018,10483,2018
Replay 2018,3399,2018
Replay 2018,10473,2018
Replay 2018,10475,2018
Replay 2018,2919,2018
Replay 2018,10461,2018
Replay 2018,10471,2018
Replay 2018,10401,2018
Replay 2018,2903,2018
Replay 2018,4883,2018
Replay 2018,10467,2018
Replay 2018,10409,2018
Replay 2018,10451,2018
Replay 2018,10427,2018
Replay 2018,4875,2018
Replay 2018,10413,2018
Replay 2018,4059,2018
Replay 2018,10479,2018
Replay 2018,1450,2018
Replay 2018,10439,2018
Replay 2018,10435,2018
Replay 2018,10429,2018
Replay 2018,10463,2018
Replay 2018,10415,2018
Replay 2018,10449,2018
Replay 2018,10403,2018
Replay 2018,10465,2018
Replay 2018,10411,2018
Replay 2018,3163,2018
Replay 2018,1730,2018
Replay 2018,1822,2018
Replay 2018,3157,2018
Replay 2018,10481,2018
Replay 2018,10421,2018
Replay 2018,10423,2018
Replay 2018,10437,2018
Replay 2018,10455,2018
Replay 2018,10431,2018
Replay 2018,10425,2018
Replay 2018,1860,2018
Replay 2018,10445,2018
Replay 2018,3311,2018
Replay 2018,3309,2018
Replay 2018,1662,2018
Replay 2018,10453,2018
Replay 2018,10417,2018
Replay 2018,3317,2018
Replay 2018,1894,2018
Replay 2018,1754,2018
Replay 2018,3303,2018
Replay 2018,3307,2018
Replay 2018,1742,2018
Replay 2018,10447,2018
Replay 2018,1684,2018
Replay 2018,3141,2018
Replay 2018,4871,2018
Replay 2018,10459,2018
Replay 2018,10419,2018
Replay 2018,4165,2018
Replay 2018,10443,2018
Replay 2018,3585,2018
Replay 2018,3265,2018
Replay 2018,2271,2018
Replay 2018,1350,2018
Replay 2018,10469,2018
Replay 2018,3091,2018
Replay 2018,3319,2018
Replay 2018,3305,2018
Replay 2018,3075,2018
Replay 2018,3313,2018
Replay 2018,1652,2018
Replay 2018,3911,2018
Replay 2018,10407,2018
Replay 2018,1864,2018
Replay 2018,1688,2018
Replay 2018,3261,2018
Replay 2018,3375,2018
Replay 2018,2120,2018
Replay 2018,10405,2018
Replay 2018,10433,2018
Replay 2018,10441,2018
Replay 2018,3133,2018
Replay 2018,10457,2018
Replay 2018,1704,2018
Replay 2018,5105,2018
Replay 2018,5109,2018
Replay 2019,3441,2019
Replay 2019,3439,2019
Replay 2019,3445,2019
Replay 2019,3437,2019
Replay 2019,3435,2019
Replay 2019,3451,2019
Replay 2019,3443,2019
Replay 2019,2897,2019
Replay 2019,3433,2019
Replay 2019,2931,2019
Replay 2019,3447,2019
Replay 2019,2911,2019
Replay 2019,1406,2019
Replay 2019,1398,2019
Replay 2019,2901,2019
Replay 2019,1400,2019
Replay 2019,3783,2019
Replay 2019,2887,2019
Replay 2019,3777,2019
Replay 2019,3781,2019
Replay 2019,3789,2019
Replay 2019,1388,2019
Replay 2019,1394,2019
Replay 2019,3779,2019
Replay 2019,3617,2019
Replay 2019,1392,2019
Replay 2019,3787,2019
Replay 2019,3785,2019
Replay 2019,3719,2019
Replay 2019,2236,2019
Replay 2019,1396,2019
Replay 2019,3791,2019
Replay 2019,2281,2019
Replay 2019,2172,2019
Replay 2019,3449,2019
Replay 2019,2168,2019
Replay 2019,2240,2019
Replay 2019,2238,2019
Replay 2019,1740,2019
Replay 2019,1736,2019
Replay 2019,2170,2019
Replay 2019,1710,2019
Replay 2019,1564,2019
Replay 2019,1542,2019
Replay 2019,2333,2019
Replay 2019,2327,2019
Replay 2019,1538,2019
Replay 2019,2899,2019
Replay 2019,2301,2019
Replay 2019,4871,2019
Replay 2019,2120,2019
Replay 2019,1350,2019
Replay 2019,2094,2019
Replay 2019,2903,2019
Replay 2019,3577,2019
Replay 2019,1376,2019
Replay 2019,2210,2019
Replay 2019,3215,2019
Replay 2019,3205,2019
Replay 2019,5073,2019
Replay 2019,3585,2019
Replay 2019,3901,2019
Replay 2019,4991,2019
Replay 2019,1352,2019
Replay 2019,1608,2019
Replay 2019,3243,2019
Replay 2019,2096,2019
Replay 2019,2311,2019
Replay 2019,1570,2019
Replay 2019,1338,2019
Replay 2019,1382,2019
Replay 2019,2865,2019
Replay 2019,2867,2019
Replay 2019,1720,2019
Replay 2019,2913,2019
Replay 2019,2152,2019
Replay 2019,1498,2019
Replay 2019,5011,2019
Replay 2019,2969,2019
Replay 2019,1512,2019
Replay 2019,1450,2019
Replay 2019,3725,2019
Replay 2019,3161,2019
Replay 2019,1508,2019
Replay 2019,1344,2019
Replay 2019,2224,2019
Replay 2019,1496,2019
Replay 2019,1580,2019
Replay 2019,2915,2019
Replay 2019,1554,2019
Replay 2019,3409,2019
Replay 2019,3361,2019
Replay 2019,4037,2019
Replay 2019,1408,2019
Replay 2019,1372,2019
Replay 2019,2335,2019
Replay 2019,1480,2019
Replay 2019,1866,2019
Replay 2019,2993,2019
Replay 2020,2981,2020
Replay 2020,2283,2020
Replay 2020,1616,2020
Replay 2020,1620,2020
Replay 2020,5207,2020
Replay 2020,1486,2020
Replay 2020,2955,2020
Replay 2020,2214,2020
Replay 2020,1492,2020
Replay 2020,2156,2020
Replay 2020,2905,2020
Replay 2020,1850,2020
Replay 2020,1442,2020
Replay 2020,1466,2020
Replay 2020,2927,2020
Replay 2020,2957,2020
Replay 2020,3989,2020
Replay 2020,2861,2020
Replay 2020,3977,2020
Replay 2020,1434,2020
Replay 2020,3997,2020
Replay 2020,1484,2020
Replay 2020,1452,2020
Replay 2020,2293,2020
Replay 2020,1454,2020
Replay 2020,1520,2020
Replay 2020,2949,2020
Replay 2020,4735,2020
Replay 2020,4873,2020
Replay 2020,5065,2020
Replay 2020,3979,2020
Replay 2020,1444,2020
Replay 2020,2124,2020
Replay 2020,1588,2020
Replay 2020,1482,2020
Replay 2020,1500,2020
Replay 2020,2230,2020
Replay 2020,2303,2020
Replay 2020,2919,2020
Replay 2020,2909,2020
Replay 2020,3431,2020
Replay 2020,2859,2020
Replay 2020,3161,2020
Replay 2020,1464,2020
Replay 2020,1496,2020
Replay 2020,2271,2020
Replay 2020,2869,2020
Replay 2020,1822,2020
Replay 2020,2943,2020
Replay 2020,3401,2020
Replay 2020,3993,2020
Replay 2020,5077,2020
Replay 2020,2285,2020
Replay 2020,5123,2020
Replay 2020,4037,2020
Replay 2020,1440,2020
Replay 2020,3445,2020
Replay 2020,5127,2020
Replay 2020,3439,2020
Replay 2020,3091,2020
Replay 2020,3441,2020
Replay 2020,1548,2020
Replay 2020,4871,2020
Replay 2020,1456,2020
Replay 2020,2315,2020
Replay 2020,1544,2020
Replay 2020,1366,2020
Replay 2020,1374,2020
Replay 2020,1522,2020
Replay 2020,3451,2020
Replay 2020,3351,2020
Replay 2020,3773,2020
Replay 2020,3349,2020
Replay 2020,3121,2020
Replay 2020,3711,2020
Replay 2020,1534,2020
Replay 2020,1878,2020
Replay 2020,1868,2020
Replay 2020,2963,2020
Replay 2020,3995,2020
Replay 2020,3745,2020
Replay 2020,2158,2020
Replay 2020,1364,2020
Replay 2020,2178,2020
Replay 2020,1334,2020
Replay 2020,1824,2020
Replay 2020,3127,2020
Replay 2020,4977,2020
Replay 2020,2343,2020
Replay 2020,5063,2020
Replay 2020,1764,2020
Replay 2020,4177,2020
Replay 2020,2309,2020
Replay 2020,1686,2020
Replay 2020,1692,2020
Replay 2020,1834,2020
Replay 2020,1384,2020
Replay 2020,3345,2020
Replay 2020,2297,2020
Replay 2020,3437,2020
Replay 2021,1670,2021
Replay 2021,1634,2021
Replay 2021,1788,2021
Replay 2021,1744,2021
Replay 2021,1800,2021
Replay 2021,1614,2021
Replay 2021,1776,2021
Replay 2021,1680,2021
Replay 2021,1780,2021
Replay 2021,1792,2021
Replay 2021,1816,2021
Replay 2021,1756,2021
Replay 2021,1884,2021
Replay 2021,1882,2021
Replay 2021,1602,2021
Replay 2021,10731,2021
Replay 2021,1844,2021
Replay 2021,1632,2021
Replay 2021,1592,2021
Replay 2021,1814,2021
Replay 2021,3121,2021
Replay 2021,3773,2021
Replay 2021,4973,2021
Replay 2021,3119,2021
Replay 2021,5063,2021
Replay 2021,2981,2021
Replay 2021,1534,2021
Replay 2021,3763,2021
Replay 2021,3769,2021
Replay 2021,3091,2021
Replay 2021,1758,2021
Replay 2021,10729,2021
Replay 2021,3439,2021
Replay 2021,1484,2021
Replay 2021,3775,2021
Replay 2021,3745,2021
Replay 2021,1346,2021
Replay 2021,1492,2021
Replay 2021,1434,2021
Replay 2021,3997,2021
Replay 2021,10723,2021
Replay 2021,2957,2021
Replay 2021,3989,2021
Replay 2021,2158,2021
Replay 2021,5019,2021
Replay 2021,3441,2021
Replay 2021,2787,2021
Replay 2021,1522,2021
Replay 2021,1790,2021
Replay 2021,1684,2021
Replay 2021,2953,2021
Replay 2021,3431,2021
Replay 2021,1850,2021
Replay 2021,3711,2021
Replay 2021,3977,2021
Replay 2021,1822,2021
Replay 2021,1688,2021
Replay 2021,10733,2021
Replay 2021,5207,2021
Replay 2021,2218,2021
Replay 2021,2156,2021
Replay 2021,2543,2021
Replay 2021,1366,2021
Replay 2021,4129,2021
Replay 2021,2208,2021
Replay 2021,10727,2021
Replay 2021,2955,2021
Replay 2021,2991,2021
Replay 2021,1692,2021
Replay 2021,1442,2021
Replay 2021,2130,2021
Replay 2021,1374,2021
Replay 2021,1868,2021
Replay 2021,2757,2021
Replay 2021,3127,2021
Replay 2021,5009,2021
Replay 2021,1892,2021
Replay 2021,1666,2021
Replay 2021,3339,2021
Replay 2021,2299,2021
Replay 2021,2152,2021
Replay 2021,1836,2021
Replay 2021,1888,2021
Replay 2021,3445,2021
Replay 2021,1736,2021
Replay 2021,10725,2021
Replay 2021,5021,2021
Replay 2021,1422,2021
Replay 2021,3451,2021
Replay 2021,3351,2021
Replay 2021,2291,2021
Replay 2021,2180,2021
Replay 2021,10721,2021
Replay 2021,3761,2021
Replay 2021,10719,2021
Replay 2021,10735,2021
Replay 2021,2387,2021
Replay 2021,2371,2021
Replay 2021,2271,2021
Replay 2021,1968,2021
Replay 2022,3743,2022
Replay 2022,2937,2022
Replay 2022,2921,2022
Replay 2022,1344,2022
Replay 2022,2387,2022
Replay 2022,3715,2022
Replay 2022,3975,2022
Replay 2022,1624,2022
Replay 2022,3453,2022
Replay 2022,1822,2022
Replay 2022,2271,2022
Replay 2022,3461,2022
Replay 2022,3459,2022
Replay 2022,3135,2022
Replay 2022,3121,2022
Replay 2022,2815,2022
Replay 2022,3987,2022
Replay 2022,2112,2022
Replay 2022,3119,2022
Replay 2022,1474,2022
Replay 2022,3125,2022
Replay 2022,1870,2022
Replay 2022,4009,2022
Replay 2022,4895,2022
Replay 2022,1446,2022
Replay 2022,2967,2022
Replay 2022,1534,2022
Replay 2022,3745,2022
Replay 2022,4065,2022
Replay 2022,4055,2022
Replay 2022,2885,2022
Replay 2022,2959,2022
Replay 2022,1428,2022
Replay 2022,1678,2022
Replay 2022,1640,2022
Replay 2022,1674,2022
Replay 2022,4869,2022
Replay 2022,3711,2022
Replay 2022,1346,2022
Replay 2022,1472,2022
Replay 2022,2114,2022
Replay 2022,2973,2022
Replay 2022,2377,2022
Replay 2022,5071,2022
Replay 2022,3339,2022
Replay 2022,4057,2022
Replay 2022,3981,2022
Replay 2022,3361,2022
Replay 2022,3995,2022
Replay 2022,2987,2022
Replay 2022,2975,2022
Replay 2022,2194,2022
Replay 2022,2134,2022
Replay 2022,4053,2022
Replay 2022,4981,2022
Replay 2022,2128,2022
Replay 2022,1686,2022
Replay 2022,2024,2022
Replay 2022,2162,2022
Replay 2022,3131,2022
Replay 2022,4043,2022
Replay 2022,2325,2022
Replay 2022,1676,2022
Replay 2022,4189,2022
Replay 2022,1692,2022
Replay 2022,1540,2022
Replay 2022,2190,2022
Replay 2022,2279,2022
Replay 2022,1976,2022
Replay 2022,5053,2022
Replay 2022,3091,2022
Replay 2022,1514,2022
Replay 2022,3881,2022
Replay 2022,2991,2022
Replay 2022,3989,2022
Replay 2022,3969,2022
Replay 2022,2299,2022
Replay 2022,3455,2022
Replay 2022,2130,2022
Replay 2022,2953,2022
Replay 2022,5025,2022
Replay 2022,1502,2022
Replay 2022,1812,2022
Replay 2022,5055,2022
Replay 2022,1820,2022
Replay 2022,2981,2022
Replay 2022,1798,2022
Replay 2022,2136,2022
Replay 2022,1834,2022
Replay 2022,2291,2022
Replay 2022,1340,2022
Replay 2022,2757,2022
Replay 2022,3973,2022
Replay 2022,1526,2022
Replay 2022,1688,2022
Replay 2022,2012,2022
Replay 2022,2218,2022
Replay 2022,1648,2022
Replay 2022,3227,2022
Replay 2022,3879,2022
Replay 2023,4061,2023
Replay 2023,3125,2023
Replay 2023,3453,2023
Replay 2023,4057,2023
Replay 2023,1344,2023
Replay 2023,2271,2023
Replay 2023,2937,2023
Replay 2023,3135,2023
Replay 2023,3121,2023
Replay 2023,1640,2023
Replay 2023,5053,2023
Replay 2023,4189,2023
Replay 2023,4053,2023
Replay 2023,1474,2023
Replay 2023,3987,2023
Replay 2023,1332,2023
Replay 2023,1676,2023
Replay 2023,2921,2023
Replay 2023,1624,2023
Replay 2023,4895,2023
Replay 2023,1428,2023
Replay 2023,3131,2023
Replay 2023,4055,2023
Replay 2023,4065,2023
Replay 2023,3119,2023
Replay 2023,2387,2023
Replay 2023,3459,2023
Replay 2023,1870,2023
Replay 2023,3461,2023
Replay 2023,1720,2023
Replay 2023,5061,2023
Replay 2023,2353,2023
Replay 2023,5211,2023
Replay 2023,1822,2023
Replay 2023,3975,2023
Replay 2023,3715,2023
Replay 2023,5015,2023
Replay 2023,4059,2023
Replay 2023,3123,2023
Replay 2023,1708,2023
Replay 2023,3743,2023
Replay 2023,1622,2023
Replay 2023,1528,2023
Replay 2023,3183,2023
Replay 2023,3173,2023
Replay 2023,3175,2023
Replay 2023,3177,2023
Replay 2023,1410,2023
Replay 2023,1366,2023
Replay 2023,2945,2023
Replay 2023,2889,2023
Replay 2023,1416,2023
Replay 2023,5067,2023
Replay 2023,1556,2023
Replay 2023,2899,2023
Replay 2023,2989,2023
Replay 2023,4063,2023
Replay 2023,2291,2023
Replay 2023,1346,2023
Replay 2023,3091,2023
Replay 2023,3229,2023
Replay 2023,2092,2023
Replay 2023,5057,2023
Replay 2023,1728,2023
Replay 2023,1852,2023
Replay 2023,1340,2023
Replay 2023,1530,2023
Replay 2023,3995,2023
Replay 2023,2299,2023
Replay 2023,1842,2023
Replay 2023,1846,2023
Replay 2023,2243,2023
Replay 2023,1704,2023
Replay 2023,2925,2023
Replay 2023,1402,2023
Replay 2023,2893,2023
Replay 2023,1684,2023
Replay 2023,5207,2023
Replay 2023,2323,2023
Replay 2023,2543,2023
Replay 2023,2991,2023
Replay 2023,3993,2023
Replay 2023,1872,2023
Replay 2023,3623,2023
Replay 2023,1648,2023
Replay 2023,5009,2023
Replay 2023,5023,2023
Replay 2023,2265,2023
Replay 2023,3081,2023
Replay 2023,2329,2023
Replay 2023,5059,2023
Replay 2023,2180,2023
Replay 2023,2295,2023
Replay 2023,1812,2023
Replay 2023,1414,2023
Replay 2023,2130,2023
Replay 2023,2757,2023
Replay 2023,5069,2023
Replay 2024,3671,2024
Replay 2024,3135,2024
Replay 2024,3453,2024
Replay 2024,3183,2024
Replay 2024,3175,2024
Replay 2024,1622,2024
Replay 2024,3173,2024
Replay 2024,1624,2024
Replay 2024,4057,2024
Replay 2024,3121,2024
Replay 2024,1640,2024
Replay 2024,4061,2024
Replay 2024,3131,2024
Replay 2024,5211,2024
Replay 2024,3423,2024
Replay 2024,4053,2024
Replay 2024,4029,2024
Replay 2024,3551,2024
Replay 2024,3461,2024
Replay 2024,3119,2024
Replay 2024,4063,2024
Replay 2024,3549,2024
Replay 2024,4023,2024
Replay 2024,3795,2024
Replay 2024,3675,2024
Replay 2024,4059,2024
Replay 2024,3855,2024
Replay 2024,4065,2024
Replay 2024,1720,2024
Replay 2024,3779,2024
Replay 2024,4021,2024
Replay 2024,4019,2024
Replay 2024,3541,2024
Replay 2024,4009,2024
Replay 2024,3667,2024
Replay 2024,3633,2024
Replay 2024,4001,2024
Replay 2024,4025,2024
Replay 2024,4027,2024
Replay 2024,3545,2024
Replay 2024,3489,2024
Replay 2024,3459,2024
Replay 2024,3635,2024
Replay 2024,3589,2024
Replay 2024,4123,2024
Replay 2024,3123,2024
Replay 2024,4007,2024
Replay 2024,3629,2024
Replay 2024,3729,2024
Replay 2024,3797,2024
Replay 2024,4055,2024
Replay 2024,3579,2024
Replay 2024,3543,2024
Replay 2024,3553,2024
Replay 2024,3539,2024
Replay 2024,1528,2024
Replay 2024,3627,2024
Replay 2024,4185,2024
Replay 2024,3457,2024
Replay 2024,3619,2024
Replay 2024,3537,2024
Replay 2024,3555,2024
Replay 2024,1664,2024
Replay 2024,3149,2024
Replay 2024,4039,2024
Replay 2024,3557,2024
Replay 2024,4111,2024
Replay 2024,3637,2024
Replay 2024,3639,2024
Replay 2024,3455,2024
Replay 2024,5015,2024
Replay 2024,3641,2024
Replay 2024,1676,2024
Replay 2024,3907,2024
Replay 2024,3625,2024
Replay 2024,4189,2024
Replay 2024,4181,2024
Replay 2024,1788,2024
Replay 2024,4073,2024
Replay 2024,3631,2024
Replay 2024,3717,2024
Replay 2024,3901,2024
Replay 2024,4127,2024
Replay 2024,4119,2024
Replay 2024,3595,2024
Replay 2024,3711,2024
Replay 2024,3781,2024
Replay 2024,1818,2024
Replay 2024,2353,2024
Replay 2024,3421,2024
Replay 2024,1610,2024
Replay 2024,3865,2024
Replay 2024,3731,2024
Replay 2024,4583,2024
Replay 2024,3783,2024
Replay 2024,1474,2024
Replay 2024,5061,2024
Replay 2024,3773,2024
Replay 2024,1344,2024
Replay 2024,3203,2024
Replay 2025,4029,2025
Replay 2025,3667,2025
Replay 2025,3119,2025
Replay 2025,4991,2025
Replay 2025,3121,2025
Replay 2025,4185,2025
Replay 2025,3881,2025
Replay 2025,1624,2025
Replay 2025,4023,2025
Replay 2025,4981,2025
Replay 2025,3875,2025
Replay 2025,4573,2025
Replay 2025,3135,2025
Replay 2025,3779,2025
Replay 2025,3131,2025
Replay 2025,1664,2025
Replay 2025,1868,2025
Replay 2025,4065,2025
Replay 2025,4115,2025
Replay 2025,4009,2025
Replay 2025,5017,2025
Replay 2025,1788,2025
Replay 2025,3887,2025
Replay 2025,4073,2025
Replay 2025,3831,2025
Replay 2025,1746,2025
Replay 2025,3729,2025
Replay 2025,3761,2025
Replay 2025,5023,2025
Replay 2025,4891,2025
Replay 2025,1682,2025
Replay 2025,4055,2025
Replay 2025,5211,2025
Replay 2025,3625,2025
Replay 2025,4059,2025
Replay 2025,3671,2025
Replay 2025,3855,2025
Replay 2025,3673,2025
Replay 2025,3731,2025
Replay 2025,3905,2025
Replay 2025,3797,2025
Replay 2025,3203,2025
Replay 2025,3865,2025
Replay 2025,4953,2025
Replay 2025,4879,2025
Replay 2025,4057,2025
Replay 2025,4701,2025
Replay 2025,4019,2025
Replay 2025,4027,2025
Replay 2025,3781,2025
Replay 2025,2291,2025
Replay 2025,3795,2025
Replay 2025,4587,2025
Replay 2025,10594,2025
